{
	"BUILD_DIR" : "C:/Users/fpier/Documents/QtCreator/tetris/build/Desktop_Qt_6_9_0_MinGW_64_bit_qt_qt6-Release/tetris_autogen",
	"CMAKE_BINARY_DIR" : "C:/Users/fpier/Documents/QtCreator/tetris/build/Desktop_Qt_6_9_0_MinGW_64_bit_qt_qt6-Release",
	"CMAKE_CURRENT_BINARY_DIR" : "C:/Users/fpier/Documents/QtCreator/tetris/build/Desktop_Qt_6_9_0_MinGW_64_bit_qt_qt6-Release",
	"CMAKE_CURRENT_SOURCE_DIR" : "C:/Users/fpier/Documents/QtCreator/tetris",
	"CMAKE_SOURCE_DIR" : "C:/Users/fpier/Documents/QtCreator/tetris",
	"CROSS_CONFIG" : false,
	"GENERATOR" : "MinGW Makefiles",
	"INCLUDE_DIR" : "C:/Users/fpier/Documents/QtCreator/tetris/build/Desktop_Qt_6_9_0_MinGW_64_bit_qt_qt6-Release/tetris_autogen/include",
	"INPUTS" : 
	[
		"C:/Users/fpier/Documents/QtCreator/tetris/sound/hover_sound.wav",
		"C:/Users/fpier/Documents/QtCreator/tetris/sound/winner_sound.wav",
		"C:/Users/fpier/Documents/QtCreator/tetris/sound/background_music.mp3",
		"C:/Users/fpier/Documents/QtCreator/tetris/sound/crash.wav",
		"C:/Users/fpier/Documents/QtCreator/tetris/sound/game_over_sound.wav"
	],
	"LOCK_FILE" : "C:/Users/fpier/Documents/QtCreator/tetris/build/Desktop_Qt_6_9_0_MinGW_64_bit_qt_qt6-Release/CMakeFiles/tetris_autogen.dir/AutoRcc_ressources_EWIEGA46WW_Lock.lock",
	"MULTI_CONFIG" : false,
	"OPTIONS" : [ "--no-zstd", "-name", "ressources" ],
	"OUTPUT_CHECKSUM" : "EWIEGA46WW",
	"OUTPUT_NAME" : "qrc_ressources.cpp",
	"RCC_EXECUTABLE" : "C:/Qt2/6.9.0/mingw_64/bin/rcc.exe",
	"RCC_LIST_OPTIONS" : [ "--list" ],
	"SETTINGS_FILE" : "C:/Users/fpier/Documents/QtCreator/tetris/build/Desktop_Qt_6_9_0_MinGW_64_bit_qt_qt6-Release/CMakeFiles/tetris_autogen.dir/AutoRcc_ressources_EWIEGA46WW_Used.txt",
	"SOURCE" : "C:/Users/fpier/Documents/QtCreator/tetris/ressources.qrc",
	"USE_BETTER_GRAPH" : true,
	"VERBOSITY" : 0
}
